{
  "webNav": [{
    "title": "功能块",
    "icon": "anticon-setting",
    "open": true,
    "children": [{
      "title": "统计图",
      "path": "/home/echart"
    },
      {
        "title": "图片裁剪",
        "path": "/home/img_crop"
      },
      {
        "title": "富文本",
        "path": "/home/editor"
      },
      {
        "title": "表格",
        "path": "/home/table"
      }
    ]
  },
    {
      "title": "账户设置",
      "icon": "anticon-user",
      "open": true,
      "children": [{
        "title": "修改个人信息",
        "path": ""
      },
        {
          "title": "修改密码",
          "path": ""
        },
        {
          "title": "通讯录权限",
          "path": ""
        }
      ]
    },
    {
      "title": "系统设置",
      "icon": "anticon-setting",
      "open": true,
      "children": [{
        "title": "工作投诉",
        "path": ""
      },
        {
          "title": "服务热线",
          "path": ""
        }
      ]
    },
    {
      "title": "公司架构",
      "icon": "anticon-share-alt",
      "open": true,
      "children": [{
        "title": "员工管理",
        "path": ""
      },
        {
          "title": "部门管理",
          "path": ""
        },
        {
          "title": "项目群管理",
          "path": ""
        },
        {
          "title": "预警管理",
          "path": ""
        }
      ]
    },
    {
      "title": "工作管理",
      "icon": "anticon-solution",
      "open": true,
      "children": [{
        "title": "考勤管理",
        "path": ""
      },
        {
          "title": "日志管理",
          "path": ""
        },
        {
          "title": "审批管理",
          "path": ""
        },
        {
          "title": "指令管理",
          "path": ""
        },
        {
          "title": "外勤管理",
          "path": ""
        },
        {
          "title": "公告管理",
          "path": ""
        }
      ]
    },
    {
      "title": "运维管理",
      "icon": "anticon-tool",
      "open": true,
      "children": [{
        "title": "档案管理",
        "path": ""
      },
        {
          "title": "运维管理",
          "path": ""
        },
        {
          "title": "采集指标",
          "path": ""
        },
        {
          "title": "95598工单",
          "path": ""
        },
        {
          "title": "区域管理",
          "path": ""
        }
      ]
    },
    {
      "title": "业务管理",
      "icon": "anticon-appstore-o",
      "open": true,
      "children": [{
        "title": "材料管理",
        "path": ""
      },
        {
          "title": "项目管理",
          "path": ""
        },
        {
          "title": "CRM管理",
          "path": ""
        }
      ]
    },
    {
      "title": "工作规范管理",
      "icon": "anticon-copy",
      "open": true,
      "children": [{
        "title": "工作规范",
        "path": ""
      }]
    }
  ]
}
